﻿<?xml version="1.0" encoding="utf-8"?>
<TextureAtlas imagePath="elma.png">
	<!-- Created with Adobe Animate version 21.0.0.35450 -->
	<!-- http://www.adobe.com/products/animate.html -->
	<SubTexture name="Elma_Down0000" x="100" y="100" width="526" height="506" frameX="-1" frameY="-10" frameWidth="527" frameHeight="517"/>
	<SubTexture name="Elma_Down0001" x="726" y="100" width="526" height="506" frameX="-1" frameY="-10" frameWidth="527" frameHeight="517"/>
	<SubTexture name="Elma_Down0002" x="1352" y="100" width="527" height="511" frameX="0" frameY="-5" frameWidth="527" frameHeight="517"/>
	<SubTexture name="Elma_Down0003" x="1979" y="100" width="527" height="511" frameX="0" frameY="-5" frameWidth="527" frameHeight="517"/>
	<SubTexture name="Elma_Down0004" x="2606" y="100" width="524" height="514" frameX="-3" frameY="-3" frameWidth="527" frameHeight="517"/>
	<SubTexture name="Elma_Down0005" x="2606" y="100" width="524" height="514" frameX="-3" frameY="-3" frameWidth="527" frameHeight="517"/>
	<SubTexture name="Elma_Down0006" x="3230" y="100" width="521" height="516" frameX="-5" frameY="0" frameWidth="527" frameHeight="517"/>
	<SubTexture name="Elma_Down0007" x="3851" y="100" width="521" height="516" frameX="-5" frameY="0" frameWidth="527" frameHeight="517"/>
	<SubTexture name="Elma_Down0008" x="4472" y="100" width="521" height="516" frameX="-5" frameY="0" frameWidth="527" frameHeight="517"/>
	<SubTexture name="Elma_Down0009" x="5093" y="100" width="521" height="516" frameX="-5" frameY="0" frameWidth="527" frameHeight="517"/>
	<SubTexture name="Elma_Down0010" x="5093" y="100" width="521" height="516" frameX="-5" frameY="0" frameWidth="527" frameHeight="517"/>
	<SubTexture name="Elma_Down0011" x="5093" y="100" width="521" height="516" frameX="-5" frameY="0" frameWidth="527" frameHeight="517"/>
	<SubTexture name="Elma_Down0012" x="5093" y="100" width="521" height="516" frameX="-5" frameY="0" frameWidth="527" frameHeight="517"/>
	<SubTexture name="Elma_Down0013" x="5093" y="100" width="521" height="516" frameX="-5" frameY="0" frameWidth="527" frameHeight="517"/>
	<SubTexture name="Elma_Down0014" x="5093" y="100" width="521" height="516" frameX="-5" frameY="0" frameWidth="527" frameHeight="517"/>
	<SubTexture name="Elma_Idle0000" x="5714" y="100" width="503" height="552" frameX="0" frameY="0" frameWidth="504" frameHeight="552"/>
	<SubTexture name="Elma_Idle0001" x="6317" y="100" width="503" height="552" frameX="0" frameY="0" frameWidth="504" frameHeight="552"/>
	<SubTexture name="Elma_Idle0002" x="6920" y="100" width="490" height="545" frameX="-14" frameY="-7" frameWidth="504" frameHeight="552"/>
	<SubTexture name="Elma_Idle0003" x="7510" y="100" width="490" height="545" frameX="-14" frameY="-7" frameWidth="504" frameHeight="552"/>
	<SubTexture name="Elma_Idle0004" x="100" y="752" width="481" height="541" frameX="-22" frameY="-11" frameWidth="504" frameHeight="552"/>
	<SubTexture name="Elma_Idle0005" x="100" y="752" width="481" height="541" frameX="-22" frameY="-11" frameWidth="504" frameHeight="552"/>
	<SubTexture name="Elma_Idle0006" x="681" y="752" width="473" height="541" frameX="-29" frameY="-11" frameWidth="504" frameHeight="552"/>
	<SubTexture name="Elma_Idle0007" x="1254" y="752" width="473" height="541" frameX="-29" frameY="-11" frameWidth="504" frameHeight="552"/>
	<SubTexture name="Elma_Idle0008" x="1827" y="752" width="473" height="541" frameX="-29" frameY="-11" frameWidth="504" frameHeight="552"/>
	<SubTexture name="Elma_Idle0009" x="1827" y="752" width="473" height="541" frameX="-29" frameY="-11" frameWidth="504" frameHeight="552"/>
	<SubTexture name="Elma_Idle0010" x="1827" y="752" width="473" height="541" frameX="-29" frameY="-11" frameWidth="504" frameHeight="552"/>
	<SubTexture name="Elma_Idle0011" x="1827" y="752" width="473" height="541" frameX="-29" frameY="-11" frameWidth="504" frameHeight="552"/>
	<SubTexture name="Elma_Idle0012" x="1827" y="752" width="473" height="541" frameX="-29" frameY="-11" frameWidth="504" frameHeight="552"/>
	<SubTexture name="Elma_Idle0013" x="1827" y="752" width="473" height="541" frameX="-29" frameY="-11" frameWidth="504" frameHeight="552"/>
	<SubTexture name="Elma_Idle0014" x="1827" y="752" width="473" height="541" frameX="-29" frameY="-11" frameWidth="504" frameHeight="552"/>
	<SubTexture name="Elma_Left0000" x="2400" y="752" width="503" height="551" frameX="0" frameY="0" frameWidth="510" frameHeight="551"/>
	<SubTexture name="Elma_Left0001" x="3003" y="752" width="503" height="551" frameX="0" frameY="0" frameWidth="510" frameHeight="551"/>
	<SubTexture name="Elma_Left0002" x="3606" y="752" width="499" height="551" frameX="-8" frameY="0" frameWidth="510" frameHeight="551"/>
	<SubTexture name="Elma_Left0003" x="4205" y="752" width="499" height="551" frameX="-8" frameY="0" frameWidth="510" frameHeight="551"/>
	<SubTexture name="Elma_Left0004" x="4804" y="752" width="487" height="551" frameX="-23" frameY="0" frameWidth="510" frameHeight="551"/>
	<SubTexture name="Elma_Left0005" x="4804" y="752" width="487" height="551" frameX="-23" frameY="0" frameWidth="510" frameHeight="551"/>
	<SubTexture name="Elma_Left0006" x="5391" y="752" width="475" height="551" frameX="-35" frameY="0" frameWidth="510" frameHeight="551"/>
	<SubTexture name="Elma_Left0007" x="5966" y="752" width="475" height="551" frameX="-35" frameY="0" frameWidth="510" frameHeight="551"/>
	<SubTexture name="Elma_Left0008" x="6541" y="752" width="475" height="551" frameX="-35" frameY="0" frameWidth="510" frameHeight="551"/>
	<SubTexture name="Elma_Left0009" x="7116" y="752" width="475" height="551" frameX="-35" frameY="0" frameWidth="510" frameHeight="551"/>
	<SubTexture name="Elma_Left0010" x="100" y="1403" width="475" height="551" frameX="-35" frameY="0" frameWidth="510" frameHeight="551"/>
	<SubTexture name="Elma_Left0011" x="100" y="1403" width="475" height="551" frameX="-35" frameY="0" frameWidth="510" frameHeight="551"/>
	<SubTexture name="Elma_Left0012" x="100" y="1403" width="475" height="551" frameX="-35" frameY="0" frameWidth="510" frameHeight="551"/>
	<SubTexture name="Elma_Left0013" x="100" y="1403" width="475" height="551" frameX="-35" frameY="0" frameWidth="510" frameHeight="551"/>
	<SubTexture name="Elma_Left0014" x="100" y="1403" width="475" height="551" frameX="-35" frameY="0" frameWidth="510" frameHeight="551"/>
	<SubTexture name="Elma_Right0000" x="675" y="1403" width="488" height="540" frameX="-13" frameY="0" frameWidth="501" frameHeight="540"/>
	<SubTexture name="Elma_Right0001" x="1263" y="1403" width="488" height="540" frameX="-13" frameY="0" frameWidth="501" frameHeight="540"/>
	<SubTexture name="Elma_Right0002" x="1851" y="1403" width="496" height="540" frameX="-5" frameY="0" frameWidth="501" frameHeight="540"/>
	<SubTexture name="Elma_Right0003" x="2447" y="1403" width="496" height="540" frameX="-5" frameY="0" frameWidth="501" frameHeight="540"/>
	<SubTexture name="Elma_Right0004" x="3043" y="1403" width="499" height="540" frameX="-2" frameY="0" frameWidth="501" frameHeight="540"/>
	<SubTexture name="Elma_Right0005" x="3043" y="1403" width="499" height="540" frameX="-2" frameY="0" frameWidth="501" frameHeight="540"/>
	<SubTexture name="Elma_Right0006" x="3642" y="1403" width="501" height="540"/>
	<SubTexture name="Elma_Right0007" x="4243" y="1403" width="501" height="540"/>
	<SubTexture name="Elma_Right0008" x="4844" y="1403" width="501" height="540"/>
	<SubTexture name="Elma_Right0009" x="5445" y="1403" width="501" height="540"/>
	<SubTexture name="Elma_Right0010" x="6046" y="1403" width="501" height="540"/>
	<SubTexture name="Elma_Right0011" x="6647" y="1403" width="501" height="540"/>
	<SubTexture name="Elma_Right0012" x="3642" y="1403" width="501" height="540"/>
	<SubTexture name="Elma_Right0013" x="3642" y="1403" width="501" height="540"/>
	<SubTexture name="Elma_Right0014" x="3642" y="1403" width="501" height="540"/>
	<SubTexture name="Elma_Up0000" x="7248" y="1403" width="520" height="577" frameX="-4" frameY="0" frameWidth="524" frameHeight="577"/>
	<SubTexture name="Elma_Up0001" x="100" y="2080" width="520" height="577" frameX="-4" frameY="0" frameWidth="524" frameHeight="577"/>
	<SubTexture name="Elma_Up0002" x="720" y="2080" width="518" height="574" frameX="-2" frameY="-2" frameWidth="524" frameHeight="577"/>
	<SubTexture name="Elma_Up0003" x="720" y="2080" width="518" height="574" frameX="-2" frameY="-2" frameWidth="524" frameHeight="577"/>
	<SubTexture name="Elma_Up0004" x="1338" y="2080" width="516" height="568" frameX="0" frameY="-8" frameWidth="524" frameHeight="577"/>
	<SubTexture name="Elma_Up0005" x="1338" y="2080" width="516" height="568" frameX="0" frameY="-8" frameWidth="524" frameHeight="577"/>
	<SubTexture name="Elma_Up0006" x="1954" y="2080" width="511" height="563" frameX="0" frameY="-12" frameWidth="524" frameHeight="577"/>
	<SubTexture name="Elma_Up0007" x="2565" y="2080" width="511" height="563" frameX="0" frameY="-12" frameWidth="524" frameHeight="577"/>
	<SubTexture name="Elma_Up0008" x="3176" y="2080" width="511" height="563" frameX="0" frameY="-12" frameWidth="524" frameHeight="577"/>
	<SubTexture name="Elma_Up0009" x="3176" y="2080" width="511" height="563" frameX="0" frameY="-12" frameWidth="524" frameHeight="577"/>
	<SubTexture name="Elma_Up0010" x="3176" y="2080" width="511" height="563" frameX="0" frameY="-12" frameWidth="524" frameHeight="577"/>
	<SubTexture name="Elma_Up0011" x="3176" y="2080" width="511" height="563" frameX="0" frameY="-12" frameWidth="524" frameHeight="577"/>
	<SubTexture name="Elma_Up0012" x="3176" y="2080" width="511" height="563" frameX="0" frameY="-12" frameWidth="524" frameHeight="577"/>
	<SubTexture name="Elma_Up0013" x="3176" y="2080" width="511" height="563" frameX="0" frameY="-12" frameWidth="524" frameHeight="577"/>
	<SubTexture name="Elma_Up0014" x="3176" y="2080" width="511" height="563" frameX="0" frameY="-12" frameWidth="524" frameHeight="577"/>
</TextureAtlas>
