{
	"animations": [
		{
			"offsets": [
				-27,
				70
			],
			"loop": false,
			"fps": 24,
			"anim": "singLEFT",
			"indices": [],
			"name": "BF NOTE LEFT0"
		},
		{
			"offsets": [
				-77,
				54
			],
			"loop": false,
			"fps": 24,
			"anim": "singDOWN",
			"indices": [],
			"name": "BF NOTE DOWN0"
		},
		{
			"offsets": [
				-81,
				114
			],
			"loop": false,
			"fps": 24,
			"anim": "singUP",
			"indices": [],
			"name": "BF NOTE UP0"
		},
		{
			"offsets": [
				-104,
				64
			],
			"loop": false,
			"fps": 24,
			"anim": "singRIGHT",
			"indices": [],
			"name": "BF NOTE RIGHT0"
		},
		{
			"offsets": [
				-41,
				72
			],
			"loop": false,
			"fps": 24,
			"anim": "singLEFTmiss",
			"indices": [],
			"name": "BF NOTE LEFT MISS"
		},
		{
			"offsets": [
				-75,
				75
			],
			"loop": false,
			"fps": 24,
			"anim": "singDOWNmiss",
			"indices": [],
			"name": "BF NOTE DOWN MISS"
		},
		{
			"offsets": [
				-79,
				78
			],
			"loop": false,
			"fps": 24,
			"anim": "singUPmiss",
			"indices": [],
			"name": "BF NOTE UP MISS"
		},
		{
			"offsets": [
				-76,
				68
			],
			"loop": false,
			"fps": 24,
			"anim": "singRIGHTmiss",
			"indices": [],
			"name": "BF NOTE RIGHT MISS"
		},
		{
			"offsets": [
				-62,
				79
			],
			"loop": false,
			"fps": 24,
			"anim": "hey",
			"indices": [],
			"name": "BF HEY"
		},
		{
			"offsets": [
				-74,
				59
			],
			"loop": false,
			"fps": 24,
			"anim": "hurt",
			"indices": [],
			"name": "BF hit"
		},
		{
			"offsets": [
				-68,
				75
			],
			"loop": true,
			"fps": 24,
			"anim": "scared",
			"indices": [],
			"name": "BF idle shaking"
		},
		{
			"offsets": [
				-83,
				94
			],
			"loop": false,
			"fps": 24,
			"anim": "dodge",
			"indices": [],
			"name": "boyfriend dodge"
		},
		{
			"loop": false,
			"offsets": [
				-61,
				78
			],
			"anim": "idle",
			"fps": 24,
			"name": "BF idle right0",
			"indices": []
		},
		{
			"loop": false,
			"offsets": [
				-64,
				77
			],
			"anim": "danceLeft",
			"fps": 24,
			"name": "BF idle left0",
			"indices": []
		},
		{
			"loop": false,
			"offsets": [
				-61,
				78
			],
			"anim": "danceRight",
			"fps": 24,
			"name": "BF idle right0",
			"indices": []
		}
	],
	"no_antialiasing": false,
	"image": "characters/GFDOKI",
	"position": [
		0,
		350
	],
	"healthicon": "gf",
	"flip_x": true,
	"healthbar_colors": [
		149,
		0,
		0
	],
	"camera_position": [
		0,
		-90
	],
	"sing_duration": 4,
	"scale": 1
}