{
	"animations": [
		{
			"offsets": [
				40,
				-210
			],
			"loop": false,
			"fps": 24,
			"anim": "idle",
			"indices": [],
			"name": "Elma_Idle"
		},
		{
			"offsets": [
				74,
				-207
			],
			"loop": false,
			"fps": 24,
			"anim": "singLEFT",
			"indices": [],
			"name": "Elma_Left"
		},
		{
			"offsets": [
				63,
				-228
			],
			"loop": false,
			"fps": 24,
			"anim": "singDOWN",
			"indices": [],
			"name": "Elma_Down"
		},
		{
			"offsets": [
				43,
				-191
			],
			"loop": false,
			"fps": 24,
			"anim": "singUP",
			"indices": [],
			"name": "Elma_Up"
		},
		{
			"offsets": [
				3,
				-222
			],
			"loop": false,
			"fps": 24,
			"anim": "singRIGHT",
			"indices": [],
			"name": "Elma_Right"
		}
	],
	"no_antialiasing": false,
	"image": "characters/elma",
	"position": [
		0,
		0
	],
	"healthicon": "elma",
	"flip_x": true,
	"healthbar_colors": [
		119,
		182,
		208
	],
	"camera_position": [
		150,
		250
	],
	"sing_duration": 6.1,
	"scale": 1
}