﻿<?xml version="1.0" encoding="utf-8"?>
<TextureAtlas imagePath="GFDOKI.png">
	<!-- Created with Adobe Animate version 16.0.0.112 -->
	<!-- http://www.adobe.com/products/animate.html -->
	<SubTexture name="BF HEY!!0000" x="0" y="0" width="338" height="474"/>
	<SubTexture name="BF HEY!!0001" x="338" y="0" width="338" height="474"/>
	<SubTexture name="BF HEY!!0002" x="676" y="0" width="338" height="474"/>
	<SubTexture name="BF HEY!!0003" x="676" y="0" width="338" height="474"/>
	<SubTexture name="BF HEY!!0004" x="676" y="0" width="338" height="474"/>
	<SubTexture name="BF HEY!!0005" x="676" y="0" width="338" height="474"/>
	<SubTexture name="BF HEY!!0006" x="676" y="0" width="338" height="474"/>
	<SubTexture name="BF HEY!!0007" x="676" y="0" width="338" height="474"/>
	<SubTexture name="BF HEY!!0008" x="676" y="0" width="338" height="474"/>
	<SubTexture name="BF HEY!!0009" x="676" y="0" width="338" height="474"/>
	<SubTexture name="BF HEY!!0010" x="676" y="0" width="338" height="474"/>
	<SubTexture name="BF HEY!!0011" x="676" y="0" width="338" height="474"/>
	<SubTexture name="BF HEY!!0012" x="676" y="0" width="338" height="474"/>
	<SubTexture name="BF HEY!!0013" x="676" y="0" width="338" height="474"/>
	<SubTexture name="BF HEY!!0014" x="676" y="0" width="338" height="474"/>
	<SubTexture name="BF HEY!!0015" x="676" y="0" width="338" height="474"/>
	<SubTexture name="BF HEY!!0016" x="676" y="0" width="338" height="474"/>
	<SubTexture name="BF HEY!!0017" x="676" y="0" width="338" height="474"/>
	<SubTexture name="BF HEY!!0018" x="676" y="0" width="338" height="474"/>
	<SubTexture name="BF HEY!!0019" x="676" y="0" width="338" height="474"/>
	<SubTexture name="BF HEY!!0020" x="676" y="0" width="338" height="474"/>
	<SubTexture name="BF HEY!!0021" x="676" y="0" width="338" height="474"/>
	<SubTexture name="BF HEY!!0022" x="676" y="0" width="338" height="474"/>
	<SubTexture name="BF HEY!!0023" x="676" y="0" width="338" height="474"/>
	<SubTexture name="BF HEY!!0024" x="676" y="0" width="338" height="474"/>
	<SubTexture name="BF NOTE DOWN0000" x="1014" y="0" width="328" height="445"/>
	<SubTexture name="BF NOTE DOWN0001" x="1342" y="0" width="328" height="445"/>
	<SubTexture name="BF NOTE DOWN0002" x="1670" y="0" width="328" height="445"/>
	<SubTexture name="BF NOTE DOWN0003" x="1998" y="0" width="328" height="445"/>
	<SubTexture name="BF NOTE DOWN0004" x="2326" y="0" width="328" height="445"/>
	<SubTexture name="BF NOTE DOWN MISS0000" x="2654" y="0" width="329" height="463"/>
	<SubTexture name="BF NOTE DOWN MISS0001" x="2983" y="0" width="329" height="463"/>
	<SubTexture name="BF NOTE DOWN MISS0002" x="3312" y="0" width="329" height="463"/>
	<SubTexture name="BF NOTE DOWN MISS0003" x="3641" y="0" width="329" height="463"/>
	<SubTexture name="BF NOTE DOWN MISS0004" x="0" y="474" width="329" height="463"/>
	<SubTexture name="BF NOTE DOWN MISS0005" x="0" y="474" width="329" height="463"/>
	<SubTexture name="BF NOTE DOWN MISS0006" x="0" y="474" width="329" height="463"/>
	<SubTexture name="BF NOTE DOWN MISS0007" x="0" y="474" width="329" height="463"/>
	<SubTexture name="BF NOTE DOWN MISS0008" x="0" y="474" width="329" height="463"/>
	<SubTexture name="BF NOTE DOWN MISS0009" x="0" y="474" width="329" height="463"/>
	<SubTexture name="BF NOTE DOWN MISS0010" x="0" y="474" width="329" height="463"/>
	<SubTexture name="BF NOTE DOWN MISS0011" x="0" y="474" width="329" height="463"/>
	<SubTexture name="BF NOTE DOWN MISS0012" x="0" y="474" width="329" height="463"/>
	<SubTexture name="BF NOTE DOWN MISS0013" x="0" y="474" width="329" height="463"/>
	<SubTexture name="BF NOTE DOWN MISS0014" x="0" y="474" width="329" height="463"/>
	<SubTexture name="BF NOTE DOWN MISS0015" x="0" y="474" width="329" height="463"/>
	<SubTexture name="BF NOTE DOWN MISS0016" x="0" y="474" width="329" height="463"/>
	<SubTexture name="BF NOTE DOWN MISS0017" x="0" y="474" width="329" height="463"/>
	<SubTexture name="BF NOTE DOWN MISS0018" x="0" y="474" width="329" height="463"/>
	<SubTexture name="BF NOTE DOWN MISS0019" x="0" y="474" width="329" height="463"/>
	<SubTexture name="BF NOTE DOWN MISS0020" x="0" y="474" width="329" height="463"/>
	<SubTexture name="BF NOTE DOWN MISS0021" x="0" y="474" width="329" height="463"/>
	<SubTexture name="BF NOTE DOWN MISS0022" x="0" y="474" width="329" height="463"/>
	<SubTexture name="BF NOTE DOWN MISS0023" x="0" y="474" width="329" height="463"/>
	<SubTexture name="BF NOTE DOWN MISS0024" x="0" y="474" width="329" height="463"/>
	<SubTexture name="BF NOTE DOWN MISS0025" x="0" y="474" width="329" height="463"/>
	<SubTexture name="BF NOTE LEFT0000" x="329" y="474" width="353" height="467"/>
	<SubTexture name="BF NOTE LEFT0001" x="682" y="474" width="353" height="467"/>
	<SubTexture name="BF NOTE LEFT0002" x="1035" y="474" width="353" height="467"/>
	<SubTexture name="BF NOTE LEFT0003" x="1388" y="474" width="353" height="467"/>
	<SubTexture name="BF NOTE LEFT0004" x="1741" y="474" width="353" height="467"/>
	<SubTexture name="BF NOTE LEFT MISS0000" x="2094" y="474" width="343" height="468"/>
	<SubTexture name="BF NOTE LEFT MISS0001" x="2437" y="474" width="343" height="468"/>
	<SubTexture name="BF NOTE LEFT MISS0002" x="2437" y="474" width="343" height="468"/>
	<SubTexture name="BF NOTE LEFT MISS0003" x="2780" y="474" width="343" height="468"/>
	<SubTexture name="BF NOTE LEFT MISS0004" x="2780" y="474" width="343" height="468"/>
	<SubTexture name="BF NOTE LEFT MISS0005" x="2780" y="474" width="343" height="468"/>
	<SubTexture name="BF NOTE LEFT MISS0006" x="2780" y="474" width="343" height="468"/>
	<SubTexture name="BF NOTE LEFT MISS0007" x="2780" y="474" width="343" height="468"/>
	<SubTexture name="BF NOTE LEFT MISS0008" x="2780" y="474" width="343" height="468"/>
	<SubTexture name="BF NOTE LEFT MISS0009" x="2780" y="474" width="343" height="468"/>
	<SubTexture name="BF NOTE LEFT MISS0010" x="2780" y="474" width="343" height="468"/>
	<SubTexture name="BF NOTE LEFT MISS0011" x="2780" y="474" width="343" height="468"/>
	<SubTexture name="BF NOTE LEFT MISS0012" x="2780" y="474" width="343" height="468"/>
	<SubTexture name="BF NOTE LEFT MISS0013" x="2780" y="474" width="343" height="468"/>
	<SubTexture name="BF NOTE LEFT MISS0014" x="2780" y="474" width="343" height="468"/>
	<SubTexture name="BF NOTE LEFT MISS0015" x="2780" y="474" width="343" height="468"/>
	<SubTexture name="BF NOTE LEFT MISS0016" x="2780" y="474" width="343" height="468"/>
	<SubTexture name="BF NOTE LEFT MISS0017" x="2780" y="474" width="343" height="468"/>
	<SubTexture name="BF NOTE LEFT MISS0018" x="2780" y="474" width="343" height="468"/>
	<SubTexture name="BF NOTE LEFT MISS0019" x="2780" y="474" width="343" height="468"/>
	<SubTexture name="BF NOTE LEFT MISS0020" x="2780" y="474" width="343" height="468"/>
	<SubTexture name="BF NOTE LEFT MISS0021" x="2780" y="474" width="343" height="468"/>
	<SubTexture name="BF NOTE LEFT MISS0022" x="2780" y="474" width="343" height="468"/>
	<SubTexture name="BF NOTE LEFT MISS0023" x="2780" y="474" width="343" height="468"/>
	<SubTexture name="BF NOTE LEFT MISS0024" x="2780" y="474" width="343" height="468"/>
	<SubTexture name="BF NOTE LEFT MISS0025" x="2780" y="474" width="343" height="468"/>
	<SubTexture name="BF NOTE LEFT MISS0026" x="2780" y="474" width="343" height="468"/>
	<SubTexture name="BF NOTE RIGHT0000" x="3123" y="474" width="345" height="455"/>
	<SubTexture name="BF NOTE RIGHT0001" x="3468" y="474" width="345" height="455"/>
	<SubTexture name="BF NOTE RIGHT0002" x="0" y="942" width="345" height="455"/>
	<SubTexture name="BF NOTE RIGHT0003" x="345" y="942" width="345" height="455"/>
	<SubTexture name="BF NOTE RIGHT0004" x="690" y="942" width="345" height="455"/>
	<SubTexture name="BF NOTE RIGHT MISS0000" x="1035" y="942" width="341" height="460"/>
	<SubTexture name="BF NOTE RIGHT MISS0001" x="1376" y="942" width="341" height="460"/>
	<SubTexture name="BF NOTE RIGHT MISS0002" x="1376" y="942" width="341" height="460"/>
	<SubTexture name="BF NOTE RIGHT MISS0003" x="1717" y="942" width="341" height="460"/>
	<SubTexture name="BF NOTE RIGHT MISS0004" x="1717" y="942" width="341" height="460"/>
	<SubTexture name="BF NOTE RIGHT MISS0005" x="1717" y="942" width="341" height="460"/>
	<SubTexture name="BF NOTE RIGHT MISS0006" x="1717" y="942" width="341" height="460"/>
	<SubTexture name="BF NOTE RIGHT MISS0007" x="1717" y="942" width="341" height="460"/>
	<SubTexture name="BF NOTE RIGHT MISS0008" x="1717" y="942" width="341" height="460"/>
	<SubTexture name="BF NOTE RIGHT MISS0009" x="1717" y="942" width="341" height="460"/>
	<SubTexture name="BF NOTE RIGHT MISS0010" x="1717" y="942" width="341" height="460"/>
	<SubTexture name="BF NOTE RIGHT MISS0011" x="1717" y="942" width="341" height="460"/>
	<SubTexture name="BF NOTE RIGHT MISS0012" x="1717" y="942" width="341" height="460"/>
	<SubTexture name="BF NOTE RIGHT MISS0013" x="1717" y="942" width="341" height="460"/>
	<SubTexture name="BF NOTE RIGHT MISS0014" x="1717" y="942" width="341" height="460"/>
	<SubTexture name="BF NOTE RIGHT MISS0015" x="1717" y="942" width="341" height="460"/>
	<SubTexture name="BF NOTE RIGHT MISS0016" x="1717" y="942" width="341" height="460"/>
	<SubTexture name="BF NOTE RIGHT MISS0017" x="1717" y="942" width="341" height="460"/>
	<SubTexture name="BF NOTE RIGHT MISS0018" x="1717" y="942" width="341" height="460"/>
	<SubTexture name="BF NOTE RIGHT MISS0019" x="1717" y="942" width="341" height="460"/>
	<SubTexture name="BF NOTE RIGHT MISS0020" x="1717" y="942" width="341" height="460"/>
	<SubTexture name="BF NOTE RIGHT MISS0021" x="1717" y="942" width="341" height="460"/>
	<SubTexture name="BF NOTE RIGHT MISS0022" x="1717" y="942" width="341" height="460"/>
	<SubTexture name="BF NOTE RIGHT MISS0023" x="1717" y="942" width="341" height="460"/>
	<SubTexture name="BF NOTE RIGHT MISS0024" x="1717" y="942" width="341" height="460"/>
	<SubTexture name="BF NOTE RIGHT MISS0025" x="1717" y="942" width="341" height="460"/>
	<SubTexture name="BF NOTE RIGHT MISS0026" x="1717" y="942" width="341" height="460"/>
	<SubTexture name="BF NOTE RIGHT MISS0027" x="1717" y="942" width="341" height="460"/>
	<SubTexture name="BF NOTE UP0000" x="2058" y="942" width="329" height="495"/>
	<SubTexture name="BF NOTE UP0001" x="2387" y="942" width="329" height="495"/>
	<SubTexture name="BF NOTE UP0002" x="2716" y="942" width="329" height="495"/>
	<SubTexture name="BF NOTE UP0003" x="3045" y="942" width="329" height="495"/>
	<SubTexture name="BF NOTE UP0004" x="3374" y="942" width="329" height="495"/>
	<SubTexture name="BF NOTE UP MISS0000" x="3703" y="942" width="346" height="463"/>
	<SubTexture name="BF NOTE UP MISS0001" x="0" y="1437" width="346" height="463"/>
	<SubTexture name="BF NOTE UP MISS0002" x="0" y="1437" width="346" height="463"/>
	<SubTexture name="BF NOTE UP MISS0003" x="346" y="1437" width="346" height="463"/>
	<SubTexture name="BF NOTE UP MISS0004" x="346" y="1437" width="346" height="463"/>
	<SubTexture name="BF NOTE UP MISS0005" x="346" y="1437" width="346" height="463"/>
	<SubTexture name="BF NOTE UP MISS0006" x="346" y="1437" width="346" height="463"/>
	<SubTexture name="BF NOTE UP MISS0007" x="346" y="1437" width="346" height="463"/>
	<SubTexture name="BF NOTE UP MISS0008" x="346" y="1437" width="346" height="463"/>
	<SubTexture name="BF NOTE UP MISS0009" x="346" y="1437" width="346" height="463"/>
	<SubTexture name="BF NOTE UP MISS0010" x="346" y="1437" width="346" height="463"/>
	<SubTexture name="BF NOTE UP MISS0011" x="346" y="1437" width="346" height="463"/>
	<SubTexture name="BF NOTE UP MISS0012" x="346" y="1437" width="346" height="463"/>
	<SubTexture name="BF NOTE UP MISS0013" x="346" y="1437" width="346" height="463"/>
	<SubTexture name="BF NOTE UP MISS0014" x="346" y="1437" width="346" height="463"/>
	<SubTexture name="BF NOTE UP MISS0015" x="346" y="1437" width="346" height="463"/>
	<SubTexture name="BF NOTE UP MISS0016" x="346" y="1437" width="346" height="463"/>
	<SubTexture name="BF NOTE UP MISS0017" x="346" y="1437" width="346" height="463"/>
	<SubTexture name="BF NOTE UP MISS0018" x="346" y="1437" width="346" height="463"/>
	<SubTexture name="BF NOTE UP MISS0019" x="346" y="1437" width="346" height="463"/>
	<SubTexture name="BF NOTE UP MISS0020" x="346" y="1437" width="346" height="463"/>
	<SubTexture name="BF NOTE UP MISS0021" x="346" y="1437" width="346" height="463"/>
	<SubTexture name="BF NOTE UP MISS0022" x="346" y="1437" width="346" height="463"/>
	<SubTexture name="BF NOTE UP MISS0023" x="346" y="1437" width="346" height="463"/>
	<SubTexture name="BF NOTE UP MISS0024" x="346" y="1437" width="346" height="463"/>
	<SubTexture name="BF NOTE UP MISS0025" x="346" y="1437" width="346" height="463"/>
	<SubTexture name="BF NOTE UP MISS0026" x="346" y="1437" width="346" height="463"/>
	<SubTexture name="BF hit0000" x="692" y="1437" width="363" height="456"/>
	<SubTexture name="BF hit0001" x="1055" y="1437" width="363" height="456"/>
	<SubTexture name="BF hit0002" x="1418" y="1437" width="363" height="456"/>
	<SubTexture name="BF hit0003" x="1781" y="1437" width="363" height="456"/>
	<SubTexture name="BF hit0004" x="2144" y="1437" width="363" height="456"/>
	<SubTexture name="BF hit0005" x="2507" y="1437" width="363" height="456"/>
	<SubTexture name="BF hit0006" x="2870" y="1437" width="363" height="456"/>
	<SubTexture name="BF hit0007" x="3233" y="1437" width="363" height="456"/>
	<SubTexture name="BF hit0008" x="3596" y="1437" width="363" height="456"/>
	<SubTexture name="BF hit0009" x="0" y="1900" width="363" height="456"/>
	<SubTexture name="BF hit0010" x="363" y="1900" width="363" height="456"/>
	<SubTexture name="BF hit0011" x="2507" y="1437" width="363" height="456"/>
	<SubTexture name="BF hit0012" x="3596" y="1437" width="363" height="456"/>
	<SubTexture name="BF hit0013" x="726" y="1900" width="363" height="456"/>
	<SubTexture name="BF hit0014" x="3596" y="1437" width="363" height="456"/>
	<SubTexture name="BF hit0015" x="2507" y="1437" width="363" height="456"/>
	<SubTexture name="BF hit0016" x="3596" y="1437" width="363" height="456"/>
	<SubTexture name="BF hit0017" x="2507" y="1437" width="363" height="456"/>
	<SubTexture name="BF hit0018" x="3596" y="1437" width="363" height="456"/>
	<SubTexture name="BF idle left0000" x="1089" y="1900" width="330" height="473"/>
	<SubTexture name="BF idle left0001" x="1089" y="1900" width="330" height="473"/>
	<SubTexture name="BF idle left0002" x="1419" y="1900" width="330" height="473"/>
	<SubTexture name="BF idle left0003" x="1419" y="1900" width="330" height="473"/>
	<SubTexture name="BF idle left0004" x="1749" y="1900" width="330" height="473"/>
	<SubTexture name="BF idle left0005" x="1749" y="1900" width="330" height="473"/>
	<SubTexture name="BF idle left0006" x="2079" y="1900" width="330" height="473"/>
	<SubTexture name="BF idle left0007" x="2409" y="1900" width="330" height="473"/>
	<SubTexture name="BF idle left0008" x="2739" y="1900" width="330" height="473"/>
	<SubTexture name="BF idle right0000" x="3069" y="1900" width="338" height="475"/>
	<SubTexture name="BF idle right0001" x="3069" y="1900" width="338" height="475"/>
	<SubTexture name="BF idle right0002" x="3407" y="1900" width="338" height="475"/>
	<SubTexture name="BF idle right0003" x="3407" y="1900" width="338" height="475"/>
	<SubTexture name="BF idle right0004" x="3745" y="1900" width="338" height="475"/>
	<SubTexture name="BF idle right0005" x="3745" y="1900" width="338" height="475"/>
	<SubTexture name="BF idle right0006" x="0" y="2375" width="338" height="475"/>
	<SubTexture name="BF idle right0007" x="0" y="2375" width="338" height="475"/>
	<SubTexture name="BF idle right0008" x="338" y="2375" width="338" height="475"/>
	<SubTexture name="BF idle right0009" x="338" y="2375" width="338" height="475"/>
	<SubTexture name="BF idle right0010" x="676" y="2375" width="338" height="475"/>
	<SubTexture name="BF idle right0011" x="1014" y="2375" width="338" height="475"/>
	<SubTexture name="BF idle shaking0000" x="1352" y="2375" width="332" height="471"/>
	<SubTexture name="BF idle shaking0001" x="1684" y="2375" width="332" height="471"/>
	<SubTexture name="BF idle shaking0002" x="2016" y="2375" width="332" height="471"/>
	<SubTexture name="BF idle shaking0003" x="2348" y="2375" width="332" height="471"/>
	<SubTexture name="boyfriend dodge0000" x="2680" y="2375" width="476" height="470"/>
	<SubTexture name="boyfriend dodge0001" x="3156" y="2375" width="476" height="470"/>
	<SubTexture name="boyfriend dodge0002" x="0" y="2850" width="476" height="470"/>
	<SubTexture name="boyfriend dodge0003" x="476" y="2850" width="476" height="470"/>
	<SubTexture name="boyfriend dodge0004" x="3156" y="2375" width="476" height="470"/>
	<SubTexture name="boyfriend dodge0005" x="0" y="2850" width="476" height="470"/>
	<SubTexture name="boyfriend dodge0006" x="476" y="2850" width="476" height="470"/>
	<SubTexture name="boyfriend dodge0007" x="952" y="2850" width="476" height="470"/>
	<SubTexture name="boyfriend dodge0008" x="1428" y="2850" width="476" height="470"/>
	<SubTexture name="boyfriend dodge0009" x="476" y="2850" width="476" height="470"/>
	<SubTexture name="boyfriend dodge0010" x="3156" y="2375" width="476" height="470"/>
	<SubTexture name="boyfriend dodge0011" x="1904" y="2850" width="476" height="470"/>
	<SubTexture name="boyfriend dodge0012" x="476" y="2850" width="476" height="470"/>
	<SubTexture name="boyfriend dodge0013" x="3156" y="2375" width="476" height="470"/>
	<SubTexture name="boyfriend dodge0014" x="0" y="2850" width="476" height="470"/>
	<SubTexture name="boyfriend dodge0015" x="476" y="2850" width="476" height="470"/>
	<SubTexture name="boyfriend dodge0016" x="3156" y="2375" width="476" height="470"/>
	<SubTexture name="boyfriend dodge0017" x="0" y="2850" width="476" height="470"/>
</TextureAtlas>
